array_n,list,Platform,status
0,"['Kenneth Cole','Lee','Levi's','LifeStride','Liz Claiborne','London Fog']",kaggle,done
1,"['lululemon','Marmot','Merrell','Michael Kors','Mudd','Naturalizer']",kaggle,done
2,"['Nautica','New Balance','New Era','Nike','Nine West','North Face']",kaggle,done
3,"['Oakley','Patagonia','Polo Ralph Lauren','Puma','Quiksilver','Reebok']",kaggle,done
4,"['Rockport','Sam Edelman','Samsonite','Shape-ups','Skechers','SOREL']",kaggle,done
5,"['Teva','Timberland','Tommy John','TOMS','True Religion','TUMI']",kaggle,done
6,"['UGG','Under Armour','Vans','Victorinox Swiss Army','Vineyard Vines','Wolverine']",kaggle,done
7,"['Wrangler','Zenni','Admiral','Amana','Avanti','Bissell']",kaggle,done
8,"['Blueair','Bosch','Coway','Dyson','Electrolux','Fisher Paykel']",kaggle,done
9,"['Frigidaire','Gaggenau','GE','GE Profile','Gibson','Haier America']",kaggle,done
10,"['Honeywell','Hotpoint','InSinkErator','IQAir','Jenn-Air','Kenmore']",kaggle,done
11,"['Lennox','LG','Magic Chef','Maytag','Molekule','Ninja']",kaggle,done
12,"['Samsung','Shark','Sub-Zero','Tappan','Viking','Westinghouse']",,
13,"['Whirlpool','7UP','A & W','Canada Dry','Coca Cola','Coke Zero']",kaggle,done
14,"['Crush','Diet Coke','Diet Dr. Pepper','Diet Mountain Dew','Diet Pepsi','Dr. Pepper']",,
15,"['Evian','Fresca','Full Throttle','Mountain Dew','Mr. PiBB','NOS']",kaggle,done
16,"['Pepsi','Pepsi Zero Sugar','Powerade Zero','Red Bull','Sierra Mist','Sprite']",,
17,"['Squirt','Sunkist','Aquafina','Arrowhead','Bai','Canned Seattle's Best Coffee']",,
18,"['Country Time','Crystal Light','Dasani','Deer Park','Dole','Fiji']",,
19,"['Florida's Natural','Folgers','Gatorade','Goya Coconut Water','Green Mountain','Hubert’s Lemonade']",,
20,"['Ice Mountain','Kirkland Signature Coconut Water','Lipton','Maxwell House','Minute Maid','Motts']",,
21,"['Nestea','Ozarka','Perrier','Poland Spring','Powerade','Propel']",,
22,"['Resource','Simply Orange','Snapple','Starbucks DoubleShot Energy+Coffee','Sun Drop','Trop50']",,
23,"['Tropicana','V8','Vita Coco','VitaminWater','Zephyrhills','ZICO']",,
24,"['5-Hour Energy','AMP','Aquafina FlavorSplash','Arizona Iced Tea','Barq's','Capri Sun']",,
25,"['Fruit2O','G2','Hansen's','Hawaiian Punch','Izze','Jones Soda']",,
26,"['MiO','Monster','Naked Juice','Nestle Pure Life','Ocean Spray','Odwalla']",,
27,"['Rockstar','Smartwater','Sobe Life Water','Starbucks Bottled Frappuccino','Starbucks Doubleshot','Sunny D']",,
28,"['Welch's','Amstel','Anheuser-Busch InBev','Beck's','Blue Moon','Bon & Viv']",,
29,"['Bud Light','Budweiser','Busch','Coors Banquet','Coors Light','Corona']",,
30,"['Dogfish Head','Dos Equis','Fat Tire','Fosters','Founders','Guinness']",,
31,"['Heineken','Icehouse','Keystone Light','LaBatte Blue','Lagunitas','Michelob ULTRA']",,
32,"['Mike's Hard Lemonade','Miller High Life','Miller Lite','Milwaukee's Best','Modelo','Molson']",,
33,"['Molson Coors Beverage Company (formerly MillerCoors)','Natural Light','Pabst Blue Ribbon','Pacifico','Red Stripe','Redd's Apple Ale']",,
34,"['Rolling Rock','Samuel Adams','Shock Top','Sierra Nevada','Stella Artois','Tecate']",,
35,"['Truly Hard Seltzer','White Claw','Yuengling','Absolut','Aperol','Bacardi']",,
36,"['Baileys','Bombay Sapphire','Canadian Club','Captain Morgan','Courvoisier','Crown Royal']",,
37,"['Dewar's','Gordon's','Grey Goose','Hennessy','J & B','Jack Daniel's']",,
38,"['Jagermeister','Jameson','Jim Beam','Johnnie Walker','Jose Cuervo','Maker's Mark']",,
39,"['Martini & Rossi','Patron','Skyy','Smirnoff','Southern Comfort','Tanqueray']",,
40,"['Tito's','Wild Turkey','Amazon Video','Apple TV+','AT&T U-Verse','CenturyLink']",,
41,"['Charter','Cox','DirecTV (satellite)','DirecTV Now (streaming)','Dish Network','Disney+']",,
42,"['Frontier Communications','Hulu','Hulu with Live TV','MotorTrend (streaming)','Netflix','Optimum / Altice']",,
43,"['Peacock','Pluto TV','Quibi','RCN','Sling TV','Spectrum']",,
44,"['Verizon FiOS','Xfinity','YouTube Originals','YouTube TV','Acura','Audi']",,
45,"['BMW','Buick','Cadillac','Chevrolet','Chrysler','Dodge']",,
46,"['Fiat','Ford','General Motors','Genesis','GMC','Honda']",,
47,"['Hyundai','Infiniti','Jaguar','Jeep','Kia','Land Rover']",,
48,"['Lexus','Lincoln','Mazda','Mercedes','MINI','Mitsubishi']",,
49,"['Nissan','Porsche','RAM','Rivian','Subaru','Tesla']",,
50,"['Toyota','Volkswagen','Volvo','Aiwa','Amazon Echo','Amazon Fire TV Stick']",,
51,"['Apple','Beats by Dr. Dre','Bose','Chromecast','Dolby','Google Home']",,
52,"['Google Stadia','Harman Kardon','Hitachi','HyperX','Jensen','JVC']",,
53,"['Kenwood','LG','Magnavox','Nintendo Wii','Oculus Go','Onkyo']",,
54,"['Panasonic','Philips','Pioneer','Playstation','RCA','Roku']",,
55,"['Samsung','Samsung SHAPE','SanDisk','Sennheiser','Sharp','Skullcandy']",,
56,"['SOL Republic','Sonos','Sony','Toshiba','Vizio','XBox']",,
57,"['Yamaha','Zenith','Aerie','Ann Taylor','Anthropologie','Arden B.']",,
58,"['AVENUE','BCBGMAXAZRIA','Bebe','C. J. Banks','Catherines Plus Sizes','Charlotte Russe']",,
59,"['Chico's','Christopher & Banks','Dress Barn','Forever 21','Juicy Couture','Lane Bryant']",,
60,"['Limited','LOFT','Lucy','New York & Company','Talbots','Torrid']",,
61,"['Victoria's Secret','VS Pink','Wet Seal','White House/Black Market','Abercrombie & Fitch','Aeropostale']",,
62,"['American Eagle','Banana Republic','Bealls','Boohoo','Burberry','Cato']",,
63,"['CitiTrends','Claires','Everlane','Express','Gap','Gucci']",,
64,"['H & M','Hollister','Hot Topic','J. Crew','J. Jill','Jos. A. Bank']",,
65,"['K & G Fashion Superstore','Madewell','Maurice's','Men's Wearhouse','Old Navy','Pacific Sunwear']",,
66,"['Ralph Lauren','Stitch Fix','The Buckle','Tommy Hilfiger','Uniqlo','Urban Outfitters']",,
67,"['Wilsons Leather','Zappos.com','Zara','Adobe','ADT','AT & T']",,
68,"['August','Boost Mobile','Citrix','Consumer Cellular','Cricket Wireless','EarthLink']",,
69,"['Google Fi','Google Nest','McAfee','Metro by T-Mobile (Metro PCS)','Microsoft','Mozilla']",,
70,"['Norton','Quicken','Ring (Video Doorbell)','SimpliSafe','SiriusXM','Skype']",,
71,"['Sprint','Straight Talk Wireless','Symantec','T-Mobile','Tracfone','US Cellular']",,
72,"['Verizon Wireless','Windows','Xfinity Mobile','Acer','Amazon Alexa','Android']",,
73,"['Apple','Apple Siri','Apple Watch','Belkin','BlackBerry','Brother']",,
74,"['Canon','Casio','Compaq','Dell','Eero','Fitbit']",,
75,"['Fuji','Galaxy','Gateway','Google Assistant','Google Pixel','HP']",,
76,"['HTC','Huawei','IBM','Intel','iPad','iPhone']",,
77,"['iPod','Kindle','Kodak','LeEco','Lenovo','Lexmark']",,
78,"['LG','Lifeproof','Mac','Motorola','Nikon','Nintendo']",,
79,"['Nokia','Nook','Olympus','Otterbox','Panasonic','Samsung']",,
80,"['Sanyo','Sony','Toshiba','Ally','Bank of America','Bank of New York']",,
81,"['Bank of the West','Barclays','BB & T','BMO Harris Bank','Capital One Bank','Chase']",,
82,"['Citibank','Citizens Bank','Comerica','Fifth-Third','First Republic','Frontier Bank']",,
83,"['HSBC','Huntington Bank','KeyBank','M & T Bank','Navy Federal Credit Union','PNC Bank']",,
84,"['Rabobank','Regions Bank','Santander','SunTrust','Synchrony Bank','TCF Bank']",,
85,"['TD Bank','Truist','Umpqua Bank','Union Bank','US Bank','USAA']",,
86,"['Wells Fargo','Zions Bank','Annie's','BabyRuth','Ben & Jerry's','Benecol']",,
87,"['Betty Crocker','Beyond Meat','Bisquick','Breyers','Bumble Bee Foods','ButcherBox']",,
88,"['Cabot','Campbell's','Cheerios','Chex','Chicken of the Sea','Chobani']",,
89,"['Chobani Gimmies','Cinnamon Toast Crunch','Coffee-Mate','Danimals','Dannon','DiGiorno']",,
90,"['Dole Packaged Foods','Dove (chocolate)','Dreyer's','Earth's Best','Fage','Fairlife']",,
91,"['Fiber One','Frito-Lay','Frosted Flakes','Fruit Gushers','General Mills','Ghirardelli']",,
92,"['Giovanni Rana','Go-Gurt','Hamburger Helper','Happy Baby','Hershey's','Honey Bunches of Oats']",,
93,"['Honey Nut Cheerios','Horizon Organic Milk','HÃ¤agen-Dazs','Icelandic Provisions','Impossible Foods','Johnsonville Sausage']",,
94,"['Kashi','Kinder Bueno','Kinder Joy','King's Hawaiian','KozyShack','Kraft']",,
95,"['Kraft Mac & Cheese','Land-O-Lakes (butter)','Land-O-Lakes (cheese)','Liberte','Lindt','Lucky Charms']",,
96,"['M&M's','Maruchan Instant Lunch','Maruchan Ramen Noodle Soup','McCormick','Mountain High','Mrs. Dash']",,
97,"['Muir Glen','Nabisco','Nesquik','Nestle Toll House','Nissin Cup Noodles','Nissin Top Ramen']",,
98,"['Noosa','Old El Paso','Omaha steaks','Ore-Ida','Oreo','Organic Valley']",,
99,"['Ortega','Oscar Mayer','Oui','Pacific','PayDay','Peanut Chews']",,
100,"['Pillsbury','Planters','Plum','Prego','Progresso','Quaker']",,
101,"['Red Baron','Reese's','Reese's Puffs','Sargento','Siggi's','Snickers']",,
102,"['Special K','Splenda','StarKist','Stonyfield','Swanson','Take 5']",,
103,"['Tillamook','Toaster Strudel','Totino's Pizza Rolls','Trolli','White Castle Frozen Sliders','Yoplait']",,
104,"['ACT','AXE','Beggin' Strips','Blue Buffalo','Burt's Bees','Charmin']",,
105,"['Clorox','Colgate','Crest','Dawn','Dial','Dollar Shave Club']",,
106,"['Dove','Ecover','Gillette','Hefty','Hello Products','Hill's Pet Nutrition']",,
107,"['Invisalign','J.R. Watkins','Kibbles 'n Bits','Listerine','Lysol','Meow Mix']",,
108,"['Method','Milk-Bone','Mrs. Meyer's','Nature's Recipe','Old Spice','Pedigree']",,
109,"['Pounce','Purina','Purina Cat Chow','Reynolds','Right Guard','Royal Canin']",,
110,"['Schick','Scope','Secret','Seventh Generation','Shout','Smile Direct Club']",,
111,"['Temptations','Tide','Tidy Cats','99 Cents Only','Big Lots','BJ's Wholesale']",,
112,"['Bloomingdale's','Burlington','Cost Plus World Market','Costco','CVS','Dillard's']",,
113,"['Dollar General','Dollar Tree','Family Dollar','Hautelook','J.C. Penney','Kmart']",,
114,"['Kohl's','Lord & Taylor','Macy's','Marshall's','Neiman Marcus','Neiman Marcus Last Call']",,
115,"['Nordstrom','Nordstrom Rack','Party City','Rite Aid','Ross','Saks']",,
116,"['Saks Off 5th','Sam's Club','Sears','Stein Mart','Target','TJ Maxx']",,
117,"['Walgreens','Walmart','Applebee's','Bahama Breeze','Benihana','BJ's']",,
118,"['Buffalo Wild Wings','California Pizza Kitchen','Carrabba's','Chevys','Chili's','Cracker Barrel']",,
119,"['El Torito','Famous Dave's','Golden Corral','HomeTown Buffet','Hooters','Houlihan's']",,
120,"['Joe's Crab Shack','Landry's Seafood House','Luby's','Old Country Buffet','Olive Garden','On The Border']",,
121,"['Red Lobster','Red Robin','Romano's Macaroni Grill','Ruby Tuesday's','Ryan's','Sizzler']",,
122,"['Taco Cabana','Texas Roadhouse','TGI Friday's','The Cheesecake Factory','Tilted Kilt','Twin Peaks']",,
123,"['Wingstop','Backyard Burgers','Blimpie','Bob Evans','Boston Market','Champps']",,
124,"['Charley's Crab','Chick-fil-A','Chipotle','Chuck E Cheese','Cici's Pizza','Cosi']",,
125,"['Dave and Buster's','Denny's','Eat 'n Park','El Pollo Loco','Elephant Bar','Five Guys']",,
126,"['Friendly's Ice Cream','Frisch's Big Boy','Fuddruckers','Green Burrito','Houston's','IHOP']",,
127,"['Marie Callender's','O'Charley's','Panda Express','Panera Bread','Pei Wei Asian Diner','Qdoba']",,
128,"['Sonic','Steak 'n' Shake','Taco Bueno','The Habit Burger Grill','Topgolf','Waffle House']",,
129,"['Zaxby's','Arby's','Baja Fresh','Bojangles'','Burger King','Captain D's']",,
130,"['Carl's Jr','Chick-fil-A','Chipotle','Church's','Del Taco','Hardee's']",,
131,"['In-N-Out','Jack in the Box','Jersey Mike's','Jimmy John's','KFC','Krystal']",,
132,"['Long John Silvers','McDelivery','McDonald's','Nathan's Famous','Popeyes','Qdoba']",,
133,"['Quiznos','Rubio's','Schlotzsky's','Subway','Taco Bell','Wendy's']",,
134,"['Whataburger','White Castle','Wienerschnitzel','A & W','Baskin Robbins','Caribou Coffee']",,
135,"['Coffee Bean & Tea Leaf','Cold Stone Creamery','Culver's','Dairy Queen','Domino's','Donatos']",,
136,"['Dunkin'','Einstein Bagels','Giordanos','Godfather','Jamba','Krispy Kreme']",,
137,"['Little Caesar's','Marco's Pizza','MOD Pizza','Noah's Bagels','Old Chicago Pasta & Pizza','Orange Julius']",,
138,"['Papa John's','Papa Murphy's','Peet's Coffee','Pinkberry','Pizza Hut','Red Mango']",,
139,"['Round Table Pizza','Seattle's Best','Smoothie King','Starbucks','Tim Horton's','Tropical Smoothie']",,
140,"['Black Angus','Bonefish','Buca di Beppo','Chart House','Fleming's','J. Alexander's']",,
141,"['Kona Grill','Logan's Roadhouse','Lone Star Steakhouse','LongHorn Steakhouse','Maggiano's','McCormick & Schmick's']",,
142,"['Morton's','Outback Steakhouse','P.F. Chang's','Rainforest Cafe','Ruth's Chris','Saltgrass Steakhouse']",,
143,"['Smith & Wollensky','Smokey Bones BBQ & Grill','Texas Roadhouse','The Palm','Tony Roma's','Abbott']",,
144,"['AbbVie','Amgen','AstraZeneca','Bausch & Lomb','Bayer','Bristol-Myers Squibb']",,
145,"['Eli Lilly','Gilead','GlaxoSmithKline','Johnson & Johnson','Merck','Novartis']",,
146,"['Novo Nordisk','Pfizer','Roche','Sanofi','1-800 Contacts','Acuvue']",,
147,"['Air Optix','Airborne','Alka-Seltzer','Benefiber','Bio Oil','Centrum']",,
148,"['Citrucel','Clear Eyes','CooperVision','Culturelle','Durex','Emergen-C']",,
149,"['Enfamil','Ensure','Glucerna','Hubble','Imodium','Lactaid']",,
150,"['Lamisil','Lotrimin','Maalox','Mederma','Metamucil','Mylanta']",,
151,"['Nature Made','Nexium','One-A-Day','Pedialyte','PediaSure','Pepcid']",,
152,"['Preparation-H','Refresh','Rolaids','Scar Away','SKYN','SynergEyes']",,
153,"['Systane','Trojan','Tums','Visine','Zantac','ZzzQuil']",,
154,"['Advil','Afrin','Alavert','Aleve','Allegra','Band-Aid']",,
155,"['Bayer Aspirin','Benadryl','Bengay','BioFreeze','Children's Motrin','Children's Tylenol']",,
156,"['ClariSpray','Claritin','Coricidin','Curad','Dayquil','Delsym']",,
157,"['Excedrin','Flonase','Icy Hot','Little Fevers','Motrin','Mucinex']",,
158,"['Nasacort','Neosporin','Nyquil','Pediacare','Rhinocort','Robitussin']",,
159,"['Salonpas','Sudafed','Theraflu','Thermacare','Triaminic','Tylenol']",,
160,"['Xyzal','Zicam','Zyrtec','Abilify','Advair','Alcon']",,
161,"['Ambien','Aricept','Avandia','Aventis','Avodart','Boniva']",,
162,"['Breo','Cialis','Coreg','Crestor','Dailies','Detrol']",,
163,"['Enbrel','Eylea','Femara','Fosamax','Frova','Humira']",,
164,"['Imitrex','Januvia','Lantus','Levitra','Lipitor','Nasonex']",,
165,"['Plavix','Premarin','Prempro','Relpax','Requip','Revlimid']",,
166,"['Rituxan','Similasan','Singulair','Strattera','Symbicort','Treximet']",,
167,"['Valtrex','Vesicare','Viagra','Victoza','Wellbutrin','Zocor']",,
168,"['Zoloft','Zomig','Acorns','American Express','Blackrock (ishares)','Capital One']",,
169,"['CareCredit','Charles Schwab','Credit Karma','Discover','E*TRADE','Edward Jones']",,
170,"['Equifax','Equitable','Experian.com','Fidelity','Franklin Templeton','FreeCreditscore.com']",,
171,"['Goldman Sachs','Invesco','Janus','JP Morgan Chase','LendingTree','Life Lock']",,
172,"['Lincoln Financial','MasterCard','Merrill Lynch','Mint','MoneyGram','Morgan Stanley']",,
173,"['Nationwide','NETELLER','Netspend','Oppenheimer','PayPal','Paysafe']",,
174,"['Paysafecard','PIMCO','Prudential','Putnam','Quicken Loans','Rocket Mortgage']",,
175,"['Scottrade','Skrill','SoFi','Square','T. Rowe Price','TD Ameritrade']",,
176,"['TIAA','Transunion','UBS','USAA','Vanguard','Venmo']",,
177,"['Visa','Voya Financial','Wells Fargo Advisors','Western Union','Aria','Bally's']",,
178,"['Bellagio','Caesars Palace','Caesar's Rewards','Cosmopolitan','Excalibur','Flamingo']",,
179,"['Foxwoods Casino','Hard Rock Hotel','Harrah's','Las Vegas Hilton','Luxor','Mandalay Bay']",,
180,"['MGM Grand','Mirage','New York New York','Paris Las Vegas','Park MGM','Planet Hollywood']",,
181,"['Rio','Stratosphere','The Palazzo','Treasure Island','Tropicana','Venetian']",,
182,"['Winstar World Casino','Wynn Las Vegas','7-Eleven','A & P','Albertsons','Aldi']",,
183,"['Amazon Fresh','BevMo!','Casey's General Store','Cub Foods','Fairway','Food Lion']",,
184,"['Fresh & Easy','Fresh Market','Giant','Giant Eagle','Harris Teeter','HEB']",,
185,"['Kroger','Meijer','Pathmark','Piggly Wiggly','Publix','Safeway']",,
186,"['Save A Lot','Shaw's','Shop 'n Save','Sprouts Farmers Market','Stop & Shop','Trader Joe's']",,
187,"['Wegman's','Whole Foods','Wild Oats','Winn-Dixie','Benefit Cosmetics & Boutique','Bliss Spa']",,
188,"['Clear','Color Vibrancy','Colorsilk','Dove','European Wax Center','EverPure']",,
189,"['Excellence','Fantastic Sams','Feria','Fructis','Garnier','Great Clips']",,
190,"['Hairitage By Mindy','Head & Shoulders','Healthy Look','Herbal Essences','John Frieda','Kristin Ess']",,
191,"['L'Oreal Paris','Natural Instincts','Nice 'n Easy','Nutrisse','OGX','Pantene']",,
192,"['Paul Mitchell','Power Moisture','Preference','Revlon','Rogaine','Sally Beauty']",,
193,"['Smooth Intense','Sport Clips','Supercuts','Together Beauty','Total Repair 5','TPH By Taraji']",,
194,"['TRESemme','Triple Resist','Vive','AAA','AARP Auto/Home Insurance from the Hartford','AARP Medicare Plans from UnitedHealthcare']",,
195,"['Aetna','Aflac','AIG','Allstate','American Family Insurance','Amica']",,
196,"['Anthem Blue Cross','Athene','AXA','Blue Cross/Blue Shield','Blue Shield of California','Chubb']",,
197,"['CIGNA','CNA','Esurance','Farmers Insurance Group','Figo','Geico']",,
198,"['Guardian','Healthy Paws','Humana','John Hancock','Kaiser Permanente','Liberty Mutual']",,
199,"['Mass Mutual','Mercury','MetLife','Nationwide','Navy Federal Credit Union','New York Life']",,
200,"['Northwestern Mutual','Pacific Life','PetPlan','Progressive','Prudential','Safeco']",,
201,"['State Farm','The General Insurance','The Hartford','Transamerica','Travelers','Trupanion']",,
202,"['UnitedHealthcare','USAA','WellPoint','A & E','ABC','Adult Swim']",,
203,"['AMC','Animal Planet','BET','Bloomberg Television','Bravo','C-SPAN']",,
204,"['Cartoon Network','CBS','Cinemax','CMT','CNBC','CNN']",,
205,"['Comedy Central','CW','Discovery Channel','Disney Channel','E!','ESPN']",,
206,"['ESPN Deportes','ESPN2','ESPNU','Food Network','FOX','Fox Business Network']",,
207,"['Fox News Channel','Freeform','FS1','FX','HBO','HGTV']",,
208,"['History Channel','HLN','Lifetime','Logo TV','MLB Network','MotorTrend TV']",,
209,"['MSNBC','MTV','MTV2','National Geographic','NBC','NBC Sports Network']",,
210,"['NFL Network','Nick at Nite','Nick Jr.','Nickelodeon','OWN','Oxygen']",,
211,"['Paramount Network','PBS','SEC Network','Showtime','SyFy','TBS']",,
212,"['Teen Nick','Telemundo','The Golf Channel','The Weather Channel','TLC','TNT']",,
213,"['truTV','TV Land','Univision','USA Network','VH1','23andMe']",,
214,"['Amazon Prime','Amazon.com','AncestryDNA','Answers.com','AOL','Apple Music']",,
215,"['Ask.com','AutoTrader.com','Bing','Blue Apron','Bumble','careerbuilder']",,
216,"['Carmax.com','Cars.com','Caviar','Craigslist','Delivery.com','Doordash']",,
217,"['DraftKings','Dropbox','eBay','eHarmony','Eventbrite','Evernote']",,
218,"['Facebook','FanDuel','Flickr','Glassdoor','GoDaddy','GoodRx']",,
219,"['Google','Google Chrome','Google Docs','Google Maps','Google Photos','Google Search']",,
220,"['Groupon','GrubHub.com','Hello Fresh','Hinge','Home Chef','Honey']",,
221,"['iHeartRadio','imdb.com','Indeed','Instagram','iTunes','LinkedIn']",,
222,"['Live Nation','LivingSocial','Match.com','Microsoft OneNote','Monster','MotorTrend.com']",,
223,"['OK Cupid','Pandora','Pinterest','Postmates','Realtor.com','Redbox']",,
224,"['Redfin','Seamless.com','SeatGeek','Shopify','SingleCare','Snapchat']",,
225,"['Spotify','Squarespace','StubHub','Ticketmaster','TikTok','Tinder']",,
226,"['Tumblr','Twitch','Twitter','Uber Eats','Vistaprint','WhatsApp']",,
227,"['Wikipedia','Wix.com','Yahoo','Yelp','YouTube','YouTube Kids']",,
228,"['YouTube Music','YP.com (Yellow Pages)','Zillow','ZipRecruiter','AAMCO','Advance Auto Parts']",,
229,"['Arco','Armor All','AutoNation','AutoZone','BFGoodrich','BP']",,
230,"['Bridgestone','Caliber Collision','CarMax','Carquest','Carvana','Castrol']",,
231,"['Chevron','Citgo','ConocoPhillips','Continental','Cooper Tires','ExxonMobil']",,
232,"['Firestone','GMGoodwrench','Goodyear','Gulf','Jiffy Lube','Marathon']",,
233,"['Michelin','Midas','Mobil 1','Napa Auto Parts','O'Reilly Auto Parts','Pennzoil']",,
234,"['Pep Boys','Safelite','Shell','Sunoco','Valero','Valvoline']",,
235,"['Age Perfect','Almay','Aquaphor','Aveda','Aveeno','Aveeno Baby']",,
236,"['Avon','Baby Magic','Babyganics','Banana Boat','Bath & Body Works','Believe Beauty']",,
237,"['Biore','Boots No. 7','CeraVe','Cetaphil','Clarins','Clean & Clear']",,
238,"['Clearasil','Clinique','Col-Lab','Coppertone','Cover Girl','Desitin']",,
239,"['Differin','Dove','Dove Baby','Elizabeth Arden','Essie','Estee Lauder']",,
240,"['Eucerin','Exuviance','Flower Beauty','Fresh','Garnier','Glossier']",,
241,"['Gold Bond','Hawaiian Tropic','Jergens','Johnson's Baby','Kiehls','L'Occitane']",,
242,"['L'Oreal Paris','Lancome','Le Petit Marseillais','Lubriderm','Lush','MAC']",,
243,"['Maybelline','NeoStrata','Neutrogena','Nivea','NYX','OGX']",,
244,"['Olay','Origins','Oxy','Proactiv','Revitalift','Revlon']",,
245,"['Rimmel London','RoC','Sally Hansen','Sephora','Simple','Smashbox']",,
246,"['SoftSoap','St. Ives','StriVectin','The Body Shop','The Honest Company','True Match']",,
247,"['Ulta Beauty','Vaseline','Voluminous','Athenos Hummus','Baked Lay's','Beanitos']",,
248,"['Bear Naked','Bolthouse Dressings','Cape Cod','Cheese Nips','Cheetos','Cheez-Itz']",,
249,"['Chex Mix','Clif','Crunchmaster','Daiya Cheese Alternatives','DAVID Seeds','Doritos']",,
250,"['Emerald Nuts','Fiber One','Flat Earth','Food Should Taste Good','Fritos','GO Veggie! Cheese Alternatives']",,
251,"['Herr's','Jack Link's Beef Jerky','Ken's Dressing','Kettle Brand Chips','KIND','Larabar']",,
252,"['Lay's','Lay's Kettle Cooked','Luna','Marie's Dressing','Marzetti Refrigerated Dressings','Nature Valley']",,
253,"['Orville Redenbacher','Pirate's Booty','Pringles','Quest Nutrition','Ritz','Rold Gold']",,
254,"['Ruffles','Sabra Hummus','Smartfood','Snyder's','Stacy's','Sunchips']",,
255,"['Tessamae','Think Thin','Tostitos','Tribe Hummus','Triscuit','Utz']",,
256,"['Wheat Thins','Wise','Ace Hardware','American Signature Furniture','Art Van Furniture','Ashley']",,
257,"['Bath and Body Works','Bed Bath and Beyond','Benjamin Moore','Bob's Discount Furniture','Brookstone','Casper']",,
258,"['Crate & Barrel','Delta Faucet','Haverty's Furniture','Home Depot','Home Goods','IKEA']",,
259,"['Jordan's Furniture','Kohler','La-Z-Boy','Leesa','Lowe's','Mattress Firm']",,
260,"['Menards','Moen','Pier 1 Imports','Pottery Barn','Purple','Raymour & Flanigan']",,
261,"['Restoration Hardware','Rooms to Go','Rugs USA','Saatva','Sealy','Serta']",,
262,"['Serta iComfort','Shaw Floors','Simmons Beautyrest','Sleep Number','Sleepys','Tempur-Pedic']",,
263,"['True Value','Tuft and Needle','Value City Furniture','Wayfair','White Barn Candle','Williams-Sonoma']",,
264,"['Yankee Candle','Academy','Bass Pro Shops','Beachbody','Best Buy','Big 5 Sporting Goods']",,
265,"['Blink Fitness','Bowflex','Cabela's','Champs','Conn's','Crunch Gym']",,
266,"['Dick's','F.Y.E','Flywheel Sports','Fred's','GameStop','GNC']",,
267,"['Hibbett Sports','Jenny Craig','LA Fitness','Modell's','MyFitnessPal','Nautilus']",,
268,"['Noom','Nordic Track','Nutrisystem','Orange Theory','P.C. Richard & Son','Peloton']",,
269,"['Planet Fitness','REI','Schwinn','SoulCycle','The Vitamin Shoppe','Weight Watchers']",,
270,"['abercrombie kids','Alexis Bittar','American Girl','American Greetings','Athlete's Foot','Bailey Banks & Biddle']",,
271,"['Barnes & Noble','Build-A-Bear Workshop','Carter's','Children's Place','Disney Store','DSW Shoes']",,
272,"['Famous Footwear','Foot Locker','Gap Kids','Gymboree','Hallmark','Helzberg Diamonds']",,
273,"['Jared','John Hardy (jewelry)','Journey's','Justice','Kay','Kendra Scott']",,
274,"['Mattel','Office Depot','OfficeMax','Pandora (jewelry)','Papyrus','Rack Room Shoes']",,
275,"['Shoe Carnival','Staples','The Finish Line','The LEGO Store','Tiffany & Co.','Toys  Us']",,
276,"['Zales','Andersen Windows','Behr','Benjamin Moore','Black & Decker','Bosch']",,
277,"['Craftsman','DeWalt','Diablo','Dremel','Hilti','Husky']",,
278,"['Husqvarna','Irwin','Jet','John Deere','Lincoln Electric','Makita']",,
279,"['Milwaukee','Pella','Porter Cable','Ramset','Ridgid','RotoZip']",,
280,"['Ryobi','Sherwin Williams','Skil','Stanley','Starrett','Toro']",,
281,"['Universal Tool','Valspar','Wagner','Aeromexico','Air Canada','Air France']",,
282,"['Air New Zealand','Alaska Air','Alitalia','American Airlines','British Airways','Cathay Pacific']",,
283,"['Delta','EasyJet','El Al','Emirates','Frontier','Hawaiian Airlines']",,
284,"['JetBlue','KLM','Korean Air','Lufthansa','Norwegian','Qantas']",,
285,"['Qatar Airways','Singapore Airlines','Southwest','Spirit Airlines','United','Virgin Atlantic']",,
286,"['Alamo','American Express Travel','Amtrak','Avis','Booking.com','Budget']",,
287,"['Busch Gardens','Carnival Cruise Line','Cedar Point','Celebrity Cruises','CheapTickets','choicehotels.com']",,
288,"['Colonial Williamsburg','Cruise (a self-driving car service)','Disneyland / Disney World','Dollar','Enterprise','Expedia']",,
289,"['Great Wolf Lodge','Greyhound','Hertz','Holland America Line','Hotels.com','HotelTonight']",,
290,"['Hotwire.com','Kalahari','Knott's Berry Farm','Lyft','National','Norwegian Cruise Lines']",,
291,"['Orbitz','Priceline.com','Princess Cruises','Royal Caribbean Cruises','Sea World','Six Flags']",,
292,"['Thrifty','Travelocity','travelzoo.com','Tripadvisor','Trivago','Uber']",,
293,"['Universal Studios','Universal Studios Hollywood','Universal Studios Orlando','Viking Ocean Cruises','Virgin Voyages','Waymo (a self-driving car service)']",,
294,"['Zipcar','airbnb','Aloft','Andaz','Best Western','Comfort Inn']",,
295,"['Country Inn & Suites','Courtyard by Marriott','Crowne Plaza','Days Inn','Doubletree','Econo Lodge']",,
296,"['Embassy Suites','Four Seasons','Grand Hyatt','Hampton Inn','Hilton','Hilton Garden Inn']",,
297,"['Holiday Inn','Holiday Inn Express','HomeAway','Homewood Suites','Hotel Indigo','Hyatt']",,
298,"['Hyatt Centric','Hyatt House','Hyatt Place','Hyatt Regency','Intercontinental Hotels','JW Marriott']",,
299,"['Kimpton Hotels & Restaurants','La Quinta Inn','Mandarin Oriental','Marriott','Motel 6','Omni Hotels']",,
300,"['Park Hyatt','Radisson','Ramada','Red Roof Inn','Residence Inn','Ritz-Carlton']",,
301,"['Shangri-La','Sheraton','Springhill Suites','Super 8 Motels','The Peninsula','TownePlace Suites']",,
302,"['Trump Hotels','VRBO','W Hotels','Waldorf-Astoria','Westin','Wyndham Hotels & Resorts']",,
